POS,SEQ, SCORE
,,
32,  V,-0.73
33,  N,0.019
34,  L,-0.664
35,  K,0.776
36,  S,-0.431
37,  S,1.258
38,  N,0.106
39,  R,2.316
40,  T,1.479
41,  P,-0.79
42,  V,0.712
43,  V,-0.725
44,  Q,0.778
45,  E,-1.289
46,  F,-0.512
47,  E,1.276
48,  S,0.126
49,  V,-0.112
50,  E,-0.317
51,  L,-1.245
52,  S,-0.489
53,  C,-1.351
54,  I,0.347
55,  I,-0.227
56,  T,0.136
57,  D,-0.406
58,  S,-0.524
59,  Q,-0.22
60,  T,-0.473
61,  S,1.605
62,  D,1.056
63,  P,-0.336
64,  R,-1.384
65,  I,-0.776
66,  E,-1.342
67,  W,-1.295
68,  K,-1.238
69,  K,-0.935
70,  I,0.391
71,  Q,0.981
72,  D,0.984
73,  E,1.018
74,  Q,0.577
75,  T,-0.433
76,  T,-0.206
77,  Y,-0.366
78,  V,-1.144
79,  F,-0.118
80,  F,-0.023
81,  D,0.72
82,  N,0.178
83,  K,1.219
84,  I,0.12
85,  Q,-0.018
86,  G,0.222
87,  D,0.645
88,  L,-0.705
89,  A,0.833
90,  G,1.297
91,  R,-1.31
92,  A,-0.828
93,  E,1.043
94,  I,0.397
95,  L,0.896
96,  G,-0.199
97,  K,1.173
98,  T,-0.517
99,  S,-0.498
100,  L,-0.741
101,  K,-0.128
102,  I,-0.849
103,  W,1.21
104,  N,-0.709
105,  V,-0.652
106,  T,-1.076
107,  R,-1.055
108,  R,1.331
109,  D,-1.354
110,  S,-0.312
111,  A,-0.974
112,  L,1.84
113,  Y,-1.228
114,  R,-0.602
115,  C,-1.353
116,  E,-1.023
117,  V,-1.224
118,  V,-0.645
119,  A,-0.505
120,  R,1.075
121,  N,1.385
122,  D,-0.701
123,  R,1.093
124,  K,0.204
125,  E,1.573
126,  I,0.594
127,  D,0.353
128,  E,-1.067
129,  I,0.173
130,  V,1.477
131,  I,-0.637
132,  E,0.986
133,  L,-1.309
134,  T,-0.356
135,  V,-1.29
136,  Q,-0.695
137,  V,-1.392
138,  K,-0.92
139,  P,-1.369
140,  V,-0.737
141,  T,0.451
142,  P,-1.369
143,  V,0.522
144,  C,-1.048
145,  R,0.393
146,  V,-0.757
147,  P,-1.261
148,  K,0.274
149,  A,-0.974
150,  V,-1.011
151,  P,-0.793
152,  V,-0.816
153,  G,-1.24
154,  K,-0.081
155,  M,1.216
156,  A,-0.877
157,  T,0.189
158,  L,-1.246
159,  H,0.389
160,  C,-1.353
161,  Q,1.075
162,  E,-1.038
163,  S,1.331
164,  E,-0.208
165,  G,-1.078
166,  H,-0.372
167,  P,-1.369
168,  R,0.334
169,  P,-0.317
170,  H,0.056
171,  Y,-1.093
172,  S,0.603
173,  W,-1.179
174,  Y,0.005
175,  R,-0.512
176,  N,-0.672
177,  D,1.21
178,  V,0.753
179,  P,1.198
180,  L,-0.635
181,  P,-0.733
182,  T,3.162
183,  D,0.053
184,  S,-0.518
185,  R,0.38
186,  A,0.787
187,  N,0.139
188,  P,2.614
189,  R,0.335
190,  F,0.283
191,  R,2.047
192,  N,-1.195
193,  S,-0.222
194,  S,-0.907
195,  F,-1.09
196,  H,0.334
197,  L,0.96
198,  N,-0.463
199,  S,3.072
200,  E,1.643
201,  T,-0.221
202,  G,-1.301
203,  T,0.058
204,  L,-1.246
205,  V,1.056
206,  F,-1.031
207,  T,0.275
208,  A,1.039
209,  V,-0.62
210,  H,0.426
211,  K,-0.439
212,  D,1.378
213,  D,-1.311
214,  S,-0.046
215,  G,-0.988
216,  Q,0.412
217,  Y,-1.157
218,  Y,1.448
219,  C,-1.353
220,  I,-0.134
221,  A,-1.258
222,  S,0.976
223,  N,-1.367
224,  D,1.352
225,  A,-0.63
226,  G,-1.303
227,  S,1.7
228,  A,-0.452
229,  R,0.68
230,  C,-1.175
231,  E,2.214
232,  E,0.929
233,  Q,0.024
234,  E,1.743
235,  M,-1.097
236,  E,-0.686
237,  V,-0.974
238,  Y,-0.058
239,  D,-0.963
240,  L,0.552
241,  N,-1.127
242,  I,-0.121
243,  G,0.623
244,  G,-0.489
245,  I,-1.23
246,  I,-0.411
247,  G,-0.761
248,  G,-0.944
249,  V,-0.83
250,  L,-0.518
251,  V,-0.251
252,  V,-0.502
253,  L,0.291
254,  A,0.803
255,  V,-0.615
256,  L,-0.39
257,  A,1.123
258,  L,0.515
259,  I,-0.808
260,  T,0.3
261,  L,0.821
262,  G,-0.68
263,  I,-0.402
264,  C,-0.173
265,  C,0.028
266,  A,-1.151
267,  Y,-0.001
268,  R,-0.388
269,  R,-0.184
270,  G,-1.17
271,  Y,-0.516
272,  F,-0.365
273,  I,-0.062
274,  N,0.372
275,  N,1.522
276,  K,0.895
277,  Q,0.133
278,  D,-0.07
279,  G,0.544
280,  E,0.795
281,  S,-0.011
282,  Y,0.281
283,  K,-0.511
284,  N,0.349
285,  P,-0.034
286,  G,0.065
287,  K,-0.601
288,  P,0.659
289,  D,0.817
290,  G,0.052
291,  V,0.313
292,  N,0.206
293,  Y,0.044
294,  I,0.256
295,  R,0.345
296,  T,-0.049
297,  D,0.651
298,  E,-0.01
299,  E,-0.972
300,  G,-0.423
301,  D,-0.83
302,  F,-1.343
303,  R,-0.977
304,  H,-1.336
305,  K,-1.224
306,  S,-1.273
307,  S,-1.391
308,  F,-1.347
309,  V,-0.84
310,  I,-1.263
,,
,,
"*Below the confidence cut-off - The calculations for this site were performed on less than 6 non-gaped homologue sequences,",,
or the confidence interval for the estimated score is equal to- or larger than- 4 color grades.,,